<application>
  <component name="ProjectJdkTable">
    <jdk version="2">
      <name value="JDK" />
      <type value="JavaSDK" />
      <version value="java version &quot;1.8.0_202&quot;" />
      <homePath value="$APPLICATION_HOME_DIR$/jre" />
      <roots>
        <annotationsPath>
          <root type="composite">
            <root url="jar://$APPLICATION_HOME_DIR$/lib/jdkAnnotations.jar!/" type="simple" />
          </root>
        </annotationsPath>
        <classPath>
          <root type="composite">
            <root url="jar://$APPLICATION_HOME_DIR$/jre/jre/lib/charsets.jar!/" type="simple" />
            <root url="jar://$APPLICATION_HOME_DIR$/jre/jre/lib/ext/access-bridge-64.jar!/" type="simple" />
            <root url="jar://$APPLICATION_HOME_DIR$/jre/jre/lib/ext/cldrdata.jar!/" type="simple" />
            <root url="jar://$APPLICATION_HOME_DIR$/jre/jre/lib/ext/dnsns.jar!/" type="simple" />
            <root url="jar://$APPLICATION_HOME_DIR$/jre/jre/lib/ext/jaccess.jar!/" type="simple" />
            <root url="jar://$APPLICATION_HOME_DIR$/jre/jre/lib/ext/localedata.jar!/" type="simple" />
            <root url="jar://$APPLICATION_HOME_DIR$/jre/jre/lib/ext/nashorn.jar!/" type="simple" />
            <root url="jar://$APPLICATION_HOME_DIR$/jre/jre/lib/ext/sunec.jar!/" type="simple" />
            <root url="jar://$APPLICATION_HOME_DIR$/jre/jre/lib/ext/sunjce_provider.jar!/" type="simple" />
            <root url="jar://$APPLICATION_HOME_DIR$/jre/jre/lib/ext/sunmscapi.jar!/" type="simple" />
            <root url="jar://$APPLICATION_HOME_DIR$/jre/jre/lib/ext/sunpkcs11.jar!/" type="simple" />
            <root url="jar://$APPLICATION_HOME_DIR$/jre/jre/lib/ext/zipfs.jar!/" type="simple" />
            <root url="jar://$APPLICATION_HOME_DIR$/jre/jre/lib/jce.jar!/" type="simple" />
            <root url="jar://$APPLICATION_HOME_DIR$/jre/jre/lib/jsse.jar!/" type="simple" />
            <root url="jar://$APPLICATION_HOME_DIR$/jre/jre/lib/management-agent.jar!/" type="simple" />
            <root url="jar://$APPLICATION_HOME_DIR$/jre/jre/lib/resources.jar!/" type="simple" />
            <root url="jar://$APPLICATION_HOME_DIR$/jre/jre/lib/rt.jar!/" type="simple" />
          </root>
        </classPath>
        <javadocPath>
          <root type="composite">
            <root url="https://docs.oracle.com/javase/8/docs/api/" type="simple" />
          </root>
        </javadocPath>
        <sourcePath>
          <root type="composite" />
        </sourcePath>
      </roots>
      <additional />
    </jdk>
    <jdk version="2">
      <name value="Android API 30 Platform" />
      <type value="Android SDK" />
      <version value="java version &quot;1.8.0_202&quot;" />
      <homePath value="D:\soft\AndroidStudio\sdk" />
      <roots>
        <annotationsPath>
          <root type="composite">
            <root url="jar://D:/soft/AndroidStudio/sdk/platforms/android-30/data/annotations.zip!/" type="simple" />
          </root>
        </annotationsPath>
        <classPath>
          <root type="composite">
            <root url="jar://D:/soft/AndroidStudio/sdk/platforms/android-30/android.jar!/" type="simple" />
            <root url="file://D:/soft/AndroidStudio/sdk/platforms/android-30/data/res" type="simple" />
          </root>
        </classPath>
        <javadocPath>
          <root type="composite">
            <root url="http://developer.android.com/reference/" type="simple" />
          </root>
        </javadocPath>
        <sourcePath>
          <root type="composite">
            <root url="file://D:/soft/AndroidStudio/sdk/sources/android-30" type="simple" />
          </root>
        </sourcePath>
      </roots>
      <additional jdk="JDK" sdk="android-30" />
    </jdk>
    <jdk version="2">
      <name value="Android API 30 Platform (2)" />
      <type value="Android SDK" />
      <version value="java version &quot;1.8.0_202&quot;" />
      <homePath value="D:\soft\AndroidStudio\sdk" />
      <roots>
        <annotationsPath>
          <root type="composite">
            <root url="jar://D:/soft/AndroidStudio/sdk/platforms/android-30/data/annotations.zip!/" type="simple" />
          </root>
        </annotationsPath>
        <classPath>
          <root type="composite">
            <root url="jar://D:/soft/AndroidStudio/sdk/platforms/android-30/android.jar!/" type="simple" />
            <root url="file://D:/soft/AndroidStudio/sdk/platforms/android-30/data/res" type="simple" />
          </root>
        </classPath>
        <javadocPath>
          <root type="composite" />
        </javadocPath>
        <sourcePath>
          <root type="composite">
            <root url="file://D:/soft/AndroidStudio/sdk/sources/android-30" type="simple" />
          </root>
        </sourcePath>
      </roots>
      <additional jdk="JDK" sdk="android-30" />
    </jdk>
    <jdk version="2">
      <name value="Android API 30 Platform (3)" />
      <type value="Android SDK" />
      <version value="java version &quot;1.8.0_202&quot;" />
      <homePath value="D:\soft\AndroidStudio\sdk" />
      <roots>
        <annotationsPath>
          <root type="composite">
            <root url="jar://D:/soft/AndroidStudio/sdk/platforms/android-30/data/annotations.zip!/" type="simple" />
          </root>
        </annotationsPath>
        <classPath>
          <root type="composite">
            <root url="jar://D:/soft/AndroidStudio/sdk/platforms/android-30/android.jar!/" type="simple" />
            <root url="file://D:/soft/AndroidStudio/sdk/platforms/android-30/data/res" type="simple" />
          </root>
        </classPath>
        <javadocPath>
          <root type="composite" />
        </javadocPath>
        <sourcePath>
          <root type="composite">
            <root url="file://D:/soft/AndroidStudio/sdk/sources/android-30" type="simple" />
          </root>
        </sourcePath>
      </roots>
      <additional jdk="JDK" sdk="android-30" />
    </jdk>
    <jdk version="2">
      <name value="Android API 30 Platform (4)" />
      <type value="Android SDK" />
      <version value="java version &quot;1.8.0_202&quot;" />
      <homePath value="D:/soft/AndroidStudio/sdk" />
      <roots>
        <annotationsPath>
          <root type="composite">
            <root url="jar://D:/soft/AndroidStudio/sdk/platforms/android-30/data/annotations.zip!/" type="simple" />
          </root>
        </annotationsPath>
        <classPath>
          <root type="composite">
            <root url="jar://D:/soft/AndroidStudio/sdk/platforms/android-30/android.jar!/" type="simple" />
            <root url="file://D:/soft/AndroidStudio/sdk/platforms/android-30/data/res" type="simple" />
          </root>
        </classPath>
        <javadocPath>
          <root type="composite" />
        </javadocPath>
        <sourcePath>
          <root type="composite">
            <root url="file://D:/soft/AndroidStudio/sdk/sources/android-30" type="simple" />
          </root>
        </sourcePath>
      </roots>
      <additional jdk="JDK" sdk="android-30" />
    </jdk>
    <jdk version="2">
      <name value="Android API 25 Platform" />
      <type value="Android SDK" />
      <homePath value="D:\soft\AndroidStudio\sdk" />
      <roots>
        <annotationsPath>
          <root type="composite">
            <root url="jar://$APPLICATION_HOME_DIR$/plugins/android/lib/androidAnnotations.jar!/" type="simple" />
          </root>
        </annotationsPath>
        <classPath>
          <root type="composite">
            <root url="jar://D:/soft/AndroidStudio/sdk/platforms/android-25/android.jar!/" type="simple" />
            <root url="file://D:/soft/AndroidStudio/sdk/platforms/android-25/data/res" type="simple" />
          </root>
        </classPath>
        <javadocPath>
          <root type="composite">
            <root url="http://developer.android.com/reference/" type="simple" />
          </root>
        </javadocPath>
        <sourcePath>
          <root type="composite" />
        </sourcePath>
      </roots>
      <additional jdk="JDK" sdk="android-25" />
    </jdk>
    <jdk version="2">
      <name value="Android API 30 Platform (5)" />
      <type value="Android SDK" />
      <homePath value="D:\soft\AndroidStudio\sdk" />
      <roots>
        <annotationsPath>
          <root type="composite">
            <root url="jar://D:/soft/AndroidStudio/sdk/platforms/android-30/data/annotations.zip!/" type="simple" />
          </root>
        </annotationsPath>
        <classPath>
          <root type="composite">
            <root url="jar://D:/soft/AndroidStudio/sdk/platforms/android-30/android.jar!/" type="simple" />
            <root url="file://D:/soft/AndroidStudio/sdk/platforms/android-30/data/res" type="simple" />
          </root>
        </classPath>
        <javadocPath>
          <root type="composite" />
        </javadocPath>
        <sourcePath>
          <root type="composite">
            <root url="file://D:/soft/AndroidStudio/sdk/sources/android-30" type="simple" />
          </root>
        </sourcePath>
      </roots>
      <additional jdk="JDK" sdk="android-30" />
    </jdk>
    <jdk version="2">
      <name value="Android API 30 Platform (6)" />
      <type value="Android SDK" />
      <homePath value="D:\soft\AndroidStudio\sdk" />
      <roots>
        <annotationsPath>
          <root type="composite">
            <root url="jar://D:/soft/AndroidStudio/sdk/platforms/android-30/data/annotations.zip!/" type="simple" />
          </root>
        </annotationsPath>
        <classPath>
          <root type="composite">
            <root url="jar://D:/soft/AndroidStudio/sdk/platforms/android-30/android.jar!/" type="simple" />
            <root url="file://D:/soft/AndroidStudio/sdk/platforms/android-30/data/res" type="simple" />
          </root>
        </classPath>
        <javadocPath>
          <root type="composite" />
        </javadocPath>
        <sourcePath>
          <root type="composite">
            <root url="file://D:/soft/AndroidStudio/sdk/sources/android-30" type="simple" />
          </root>
        </sourcePath>
      </roots>
      <additional jdk="JDK" sdk="android-30" />
    </jdk>
    <jdk version="2">
      <name value="Android API 30 Platform (7)" />
      <type value="Android SDK" />
      <homePath value="D:\soft\AndroidStudio\sdk" />
      <roots>
        <annotationsPath>
          <root type="composite">
            <root url="jar://D:/soft/AndroidStudio/sdk/platforms/android-30/data/annotations.zip!/" type="simple" />
          </root>
        </annotationsPath>
        <classPath>
          <root type="composite">
            <root url="jar://D:/soft/AndroidStudio/sdk/platforms/android-30/android.jar!/" type="simple" />
            <root url="file://D:/soft/AndroidStudio/sdk/platforms/android-30/data/res" type="simple" />
          </root>
        </classPath>
        <javadocPath>
          <root type="composite" />
        </javadocPath>
        <sourcePath>
          <root type="composite">
            <root url="file://D:/soft/AndroidStudio/sdk/sources/android-30" type="simple" />
          </root>
        </sourcePath>
      </roots>
      <additional jdk="JDK" sdk="android-30" />
    </jdk>
    <jdk version="2">
      <name value="Android API 30 Platform (8)" />
      <type value="Android SDK" />
      <homePath value="D:\soft\AndroidStudio\sdk" />
      <roots>
        <annotationsPath>
          <root type="composite">
            <root url="jar://D:/soft/AndroidStudio/sdk/platforms/android-30/data/annotations.zip!/" type="simple" />
          </root>
        </annotationsPath>
        <classPath>
          <root type="composite">
            <root url="jar://D:/soft/AndroidStudio/sdk/platforms/android-30/android.jar!/" type="simple" />
            <root url="file://D:/soft/AndroidStudio/sdk/platforms/android-30/data/res" type="simple" />
          </root>
        </classPath>
        <javadocPath>
          <root type="composite" />
        </javadocPath>
        <sourcePath>
          <root type="composite">
            <root url="file://D:/soft/AndroidStudio/sdk/sources/android-30" type="simple" />
          </root>
        </sourcePath>
      </roots>
      <additional jdk="JDK" sdk="android-30" />
    </jdk>
    <jdk version="2">
      <name value="Android API 30 Platform (9)" />
      <type value="Android SDK" />
      <homePath value="D:\soft\AndroidStudio\sdk" />
      <roots>
        <annotationsPath>
          <root type="composite">
            <root url="jar://D:/soft/AndroidStudio/sdk/platforms/android-30/data/annotations.zip!/" type="simple" />
          </root>
        </annotationsPath>
        <classPath>
          <root type="composite">
            <root url="jar://D:/soft/AndroidStudio/sdk/platforms/android-30/android.jar!/" type="simple" />
            <root url="file://D:/soft/AndroidStudio/sdk/platforms/android-30/data/res" type="simple" />
          </root>
        </classPath>
        <javadocPath>
          <root type="composite" />
        </javadocPath>
        <sourcePath>
          <root type="composite">
            <root url="file://D:/soft/AndroidStudio/sdk/sources/android-30" type="simple" />
          </root>
        </sourcePath>
      </roots>
      <additional jdk="JDK" sdk="android-30" />
    </jdk>
    <jdk version="2">
      <name value="Android API 30 Platform (10)" />
      <type value="Android SDK" />
      <homePath value="D:\soft\AndroidStudio\sdk" />
      <roots>
        <annotationsPath>
          <root type="composite">
            <root url="jar://D:/soft/AndroidStudio/sdk/platforms/android-30/data/annotations.zip!/" type="simple" />
          </root>
        </annotationsPath>
        <classPath>
          <root type="composite">
            <root url="jar://D:/soft/AndroidStudio/sdk/platforms/android-30/android.jar!/" type="simple" />
            <root url="file://D:/soft/AndroidStudio/sdk/platforms/android-30/data/res" type="simple" />
          </root>
        </classPath>
        <javadocPath>
          <root type="composite" />
        </javadocPath>
        <sourcePath>
          <root type="composite">
            <root url="file://D:/soft/AndroidStudio/sdk/sources/android-30" type="simple" />
          </root>
        </sourcePath>
      </roots>
      <additional jdk="JDK" sdk="android-30" />
    </jdk>
    <jdk version="2">
      <name value="Android API 30 Platform (11)" />
      <type value="Android SDK" />
      <homePath value="D:\soft\AndroidStudio\sdk" />
      <roots>
        <annotationsPath>
          <root type="composite">
            <root url="jar://D:/soft/AndroidStudio/sdk/platforms/android-30/data/annotations.zip!/" type="simple" />
          </root>
        </annotationsPath>
        <classPath>
          <root type="composite">
            <root url="jar://D:/soft/AndroidStudio/sdk/platforms/android-30/android.jar!/" type="simple" />
            <root url="file://D:/soft/AndroidStudio/sdk/platforms/android-30/data/res" type="simple" />
          </root>
        </classPath>
        <javadocPath>
          <root type="composite" />
        </javadocPath>
        <sourcePath>
          <root type="composite">
            <root url="file://D:/soft/AndroidStudio/sdk/sources/android-30" type="simple" />
          </root>
        </sourcePath>
      </roots>
      <additional jdk="JDK" sdk="android-30" />
    </jdk>
    <jdk version="2">
      <name value="Android API 30 Platform (12)" />
      <type value="Android SDK" />
      <homePath value="D:\soft\AndroidStudio\sdk" />
      <roots>
        <annotationsPath>
          <root type="composite">
            <root url="jar://D:/soft/AndroidStudio/sdk/platforms/android-30/data/annotations.zip!/" type="simple" />
          </root>
        </annotationsPath>
        <classPath>
          <root type="composite">
            <root url="jar://D:/soft/AndroidStudio/sdk/platforms/android-30/android.jar!/" type="simple" />
            <root url="file://D:/soft/AndroidStudio/sdk/platforms/android-30/data/res" type="simple" />
          </root>
        </classPath>
        <javadocPath>
          <root type="composite" />
        </javadocPath>
        <sourcePath>
          <root type="composite">
            <root url="file://D:/soft/AndroidStudio/sdk/sources/android-30" type="simple" />
          </root>
        </sourcePath>
      </roots>
      <additional jdk="JDK" sdk="android-30" />
    </jdk>
    <jdk version="2">
      <name value="Android API 30 Platform (13)" />
      <type value="Android SDK" />
      <homePath value="D:\soft\AndroidStudio\sdk" />
      <roots>
        <annotationsPath>
          <root type="composite">
            <root url="jar://D:/soft/AndroidStudio/sdk/platforms/android-30/data/annotations.zip!/" type="simple" />
          </root>
        </annotationsPath>
        <classPath>
          <root type="composite">
            <root url="jar://D:/soft/AndroidStudio/sdk/platforms/android-30/android.jar!/" type="simple" />
            <root url="file://D:/soft/AndroidStudio/sdk/platforms/android-30/data/res" type="simple" />
          </root>
        </classPath>
        <javadocPath>
          <root type="composite" />
        </javadocPath>
        <sourcePath>
          <root type="composite">
            <root url="file://D:/soft/AndroidStudio/sdk/sources/android-30" type="simple" />
          </root>
        </sourcePath>
      </roots>
      <additional jdk="JDK" sdk="android-30" />
    </jdk>
    <jdk version="2">
      <name value="Android API 30 Platform (14)" />
      <type value="Android SDK" />
      <homePath value="D:\soft\AndroidStudio\sdk" />
      <roots>
        <annotationsPath>
          <root type="composite">
            <root url="jar://D:/soft/AndroidStudio/sdk/platforms/android-30/data/annotations.zip!/" type="simple" />
          </root>
        </annotationsPath>
        <classPath>
          <root type="composite">
            <root url="jar://D:/soft/AndroidStudio/sdk/platforms/android-30/android.jar!/" type="simple" />
            <root url="file://D:/soft/AndroidStudio/sdk/platforms/android-30/data/res" type="simple" />
          </root>
        </classPath>
        <javadocPath>
          <root type="composite" />
        </javadocPath>
        <sourcePath>
          <root type="composite">
            <root url="file://D:/soft/AndroidStudio/sdk/sources/android-30" type="simple" />
          </root>
        </sourcePath>
      </roots>
      <additional jdk="JDK" sdk="android-30" />
    </jdk>
  </component>
</application>