<application>
  <component name="ProjectManager">
    <defaultProject>
      <component name="Git.Settings">
        <option name="ROOT_SYNC" value="DONT_SYNC" />
      </component>
      <component name="PropertiesComponent">
        <property name="android.sdk.path" value="D:/soft/AndroidStudio/sdk" />
        <property name="last_opened_file_path" value="D:/soft/Git/install/Git/bin/git.exe" />
        <property name="settings.editor.selected.configurable" value="editor.preferences.gutterIcons" />
      </component>
    </defaultProject>
  </component>
</application>